﻿pos_x,pos_y,rotation,side,designator,mpn,pack,value,mount_type,place
94.0,22.5,90.0,bottom,BT1,,BT_MY-1220-03,CR1220,tht,True
62.315,70.34,180.0,bottom,C1,,C_0402_1005Metric_Pad0.74x0.62mm_HandSolder,0.1uF,smt,True
51.0,43.5,-90.0,top,C10,,C_0603_1608Metric_Pad1.08x0.95mm_HandSolder,0.1uF,smt,True
34.65,-2.46,0.0,top,C11,,C_0402_1005Metric_Pad0.74x0.62mm_HandSolder,1uF,smt,True
2.575,13.725,90.0,bottom,C12,,C_0402_1005Metric_Pad0.74x0.62mm_HandSolder,0.1uF,smt,True
5.25,8.5,-90.0,bottom,C13,,C_0402_1005Metric_Pad0.74x0.62mm_HandSolder,0.1uF,smt,True
7.25,8.5,-90.0,bottom,C14,,C_0402_1005Metric_Pad0.74x0.62mm_HandSolder,0.1uF,smt,True
32.41,-7.5075,-90.0,top,C15,,C_0402_1005Metric_Pad0.74x0.62mm_HandSolder,470pF,smt,True
38.51,-9.33,0.0,top,C16,,C_0402_1005Metric_Pad0.74x0.62mm_HandSolder,10uF,smt,True
38.5075,-10.33,180.0,top,C17,,C_0402_1005Metric_Pad0.74x0.62mm_HandSolder,0.1uF,smt,True
3.25,23.500005,90.0,bottom,C18,,C_0402_1005Metric_Pad0.74x0.62mm_HandSolder,0.1uF,smt,True
5.25,23.5,-90.0,bottom,C19,,C_0402_1005Metric_Pad0.74x0.62mm_HandSolder,0.1uF,smt,True
64.57,70.34,0.0,bottom,C2,,C_0402_1005Metric_Pad0.74x0.62mm_HandSolder,0.1uF,smt,True
57.38,-4.98,180.0,bottom,C20,,C_0402_1005Metric_Pad0.74x0.62mm_HandSolder,10nF,smt,True
87.74,-5.24,180.0,bottom,C21,,C_0402_1005Metric_Pad0.74x0.62mm_HandSolder,10nF,smt,True
37.249989,11.249992,90.0,top,C22,,C_0402_1005Metric_Pad0.74x0.62mm_HandSolder,0.1uF,smt,True
37.249989,31.999988,-90.0,top,C23,,C_0402_1005Metric_Pad0.74x0.62mm_HandSolder,0.1uF,smt,True
81.98,63.1,90.0,top,C24,,C_0402_1005Metric_Pad0.74x0.62mm_HandSolder,0.1uF,smt,True
81.5,14.2425,90.0,top,C25,,C_0402_1005Metric_Pad0.74x0.62mm_HandSolder,0.1uF,smt,True
66.2425,30.0,180.0,top,C26,,C_0402_1005Metric_Pad0.74x0.62mm_HandSolder,0.1uF,smt,True
81.675,19.9425,-90.0,top,C27,,C_0402_1005Metric_Pad0.74x0.62mm_HandSolder,0.1uF,smt,True
60.000007,16.725013,90.0,top,C28,,C_0402_1005Metric_Pad0.74x0.62mm_HandSolder,0.1uF,smt,True
74.8,8.03,180.0,top,C29,,C_0402_1005Metric_Pad0.74x0.62mm_HandSolder,0.1uF,smt,True
13.0,68.5,0.0,top,C3,,C_0402_1005Metric_Pad0.74x0.62mm_HandSolder,0.1uF,smt,True
77.216,62.992,90.0,top,C30,,C_0402_1005Metric_Pad0.74x0.62mm_HandSolder,0.1uF,smt,True
49.969994,71.528499,90.0,bottom,C31,,C_0603_1608Metric_Pad1.08x0.95mm_HandSolder,47uF,smt,True
33.75,71.5,90.0,bottom,C32,,C_1206_3216Metric_Pad1.33x1.80mm_HandSolder,47uF,smt,True
67.44,43.665,90.0,top,C33,,C_0402_1005Metric_Pad0.74x0.62mm_HandSolder,22pF,smt,True
67.44,40.085,-90.0,top,C34,,C_0402_1005Metric_Pad0.74x0.62mm_HandSolder,22pF,smt,True
45.469994,71.528499,90.0,bottom,C35,,C_0603_1608Metric_Pad1.08x0.95mm_HandSolder,47uF,smt,True
29.25,71.5,90.0,bottom,C36,,C_0603_1608Metric_Pad1.08x0.95mm_HandSolder,47uF,smt,True
38.0,55.5,180.0,bottom,C37,,C_0402_1005Metric_Pad0.74x0.62mm_HandSolder,0.1uF,smt,True
37.5,38.0,-90.0,top,C38,,C_0402_1005Metric_Pad0.74x0.62mm_HandSolder,0.1uF,smt,True
34.5,48.0,90.0,bottom,C39,,C_0402_1005Metric_Pad0.74x0.62mm_HandSolder,3.3uF,smt,True
29.499992,5.950002,90.0,top,C4,,C_0603_1608Metric_Pad1.08x0.95mm_HandSolder,10uF,smt,True
75.2,33.5,180.0,top,C40,,C_0402_1005Metric_Pad0.74x0.62mm_HandSolder,1uF,smt,True
75.275,31.5,180.0,top,C41,,C_0402_1005Metric_Pad0.74x0.62mm_HandSolder,0.1uF,smt,True
79.024988,27.999996,0.0,top,C42,,C_0402_1005Metric_Pad0.74x0.62mm_HandSolder,1nF,smt,True
79.024988,29.499993,0.0,top,C43,,C_0402_1005Metric_Pad0.74x0.62mm_HandSolder,1nF,smt,True
73.775,30.0,0.0,top,C44,,C_0402_1005Metric_Pad0.74x0.62mm_HandSolder,0.1uF,smt,True
85.0,68.16,0.0,bottom,C45,,C_0402_1005Metric_Pad0.74x0.62mm_HandSolder,1nF,smt,True
57.6575,43.55,180.0,top,C46,,C_0402_1005Metric_Pad0.74x0.62mm_HandSolder,0.1uF,smt,True
90.915,68.21,180.0,bottom,C47,,C_0402_1005Metric_Pad0.74x0.62mm_HandSolder,1nF,smt,True
90.6125,69.925,180.0,bottom,C48,,C_0603_1608Metric_Pad1.08x0.95mm_HandSolder,10uF,smt,True
85.2375,69.94,0.0,bottom,C49,,C_0603_1608Metric_Pad1.08x0.95mm_HandSolder,10uF,smt,True
16.05,-0.0575,-90.0,bottom,C5,,C_0402_1005Metric_Pad0.74x0.62mm_HandSolder,10uF,smt,True
75.65,37.825,90.0,top,C50,,C_0402_1005Metric_Pad0.74x0.62mm_HandSolder,10uF,smt,True
80.9,37.925,90.0,top,C51,,C_0402_1005Metric_Pad0.74x0.62mm_HandSolder,10uF,smt,True
57.1125,45.85,0.0,top,C52,,C_0603_1608Metric_Pad1.08x0.95mm_HandSolder,2.7nF,smt,True
58.5,34.5425,90.0,top,C53,,C_0402_1005Metric_Pad0.74x0.62mm_HandSolder,1uF,smt,True
59.7,34.5425,90.0,top,C54,,C_0402_1005Metric_Pad0.74x0.62mm_HandSolder,1uF,smt,True
26.275,52.5425,90.0,top,C55,,C_0402_1005Metric_Pad0.74x0.62mm_HandSolder,0.1uF,smt,True
80.25,42.9,180.0,top,C56,,C_0402_1005Metric_Pad0.74x0.62mm_HandSolder,2.2nF,smt,True
70.81,41.56,0.0,top,C57,,C_0402_1005Metric_Pad0.74x0.62mm_HandSolder,2.2nF,smt,True
76.0925,47.8,0.0,top,C58,,C_0603_1608Metric_Pad1.08x0.95mm_HandSolder,10uF,smt,True
61.0,53.725,-90.0,top,C59,,C_0603_1608Metric_Pad1.08x0.95mm_HandSolder,10uF,smt,True
63.3775,72.57,0.0,bottom,C6,,C_0402_1005Metric_Pad0.74x0.62mm_HandSolder,0.1uF,smt,True
76.075,44.8,0.0,top,C60,,C_0402_1005Metric_Pad0.74x0.62mm_HandSolder,0.1uF,smt,True
73.9875,62.825,180.0,bottom,C61,,C_0603_1608Metric_Pad1.08x0.95mm_HandSolder,2.2uF,smt,True
74.0,61.25,180.0,bottom,C62,,C_0603_1608Metric_Pad1.08x0.95mm_HandSolder,2.2uF,smt,True
63.975,53.725,-90.0,top,C63,,C_0402_1005Metric_Pad0.74x0.62mm_HandSolder,0.1uF,smt,True
71.1075,46.26,180.0,top,C64,,C_0402_1005Metric_Pad0.74x0.62mm_HandSolder,0.1uF,smt,True
82.25,46.31,180.0,top,C65,,C_0402_1005Metric_Pad0.74x0.62mm_HandSolder,0.1uF,smt,True
71.1075,47.78,180.0,top,C66,,C_0603_1608Metric_Pad1.08x0.95mm_HandSolder,10uF,smt,True
82.24,47.84,180.0,top,C67,,C_0603_1608Metric_Pad1.08x0.95mm_HandSolder,10uF,smt,True
81.875,-14.35,0.0,bottom,C68,,C_0603_1608Metric_Pad1.08x0.95mm_HandSolder,47uF,smt,True
17.4425,15.475,0.0,top,C69,,C_0402_1005Metric_Pad0.74x0.62mm_HandSolder,0.1uF,smt,True
32.025006,11.000005,180.0,top,C7,,C_0603_1608Metric_Pad1.08x0.95mm_HandSolder,47uF,smt,True
89.95,55.95,90.0,bottom,C70,,C_0402_1005Metric_Pad0.74x0.62mm_HandSolder,0.1uF,smt,True
80.63,57.2575,90.0,top,C71,,C_0402_1005Metric_Pad0.74x0.62mm_HandSolder,1uF,smt,True
66.375,49.7,0.0,top,C72,,C_0402_1005Metric_Pad0.74x0.62mm_HandSolder,1uF,smt,True
79.3,57.2675,90.0,top,C73,,C_0402_1005Metric_Pad0.74x0.62mm_HandSolder,470pF,smt,True
67.8,56.9425,90.0,top,C74,,C_0402_1005Metric_Pad0.74x0.62mm_HandSolder,470pF,smt,True
76.1,46.25,0.0,top,C75,,C_0603_1608Metric_Pad1.08x0.95mm_HandSolder,10uF,smt,True
62.55,53.7375,-90.0,top,C76,,C_0603_1608Metric_Pad1.08x0.95mm_HandSolder,10uF,smt,True
19.9,65.5,0.0,top,C8,,C_1206_3216Metric,47uF,smt,True
53.0,42.75,-90.0,top,C9,,C_1206_3216Metric_Pad1.33x1.80mm_HandSolder,47uF,smt,True
7.0,56.85,90.0,top,D1,,D_0805_2012Metric,CONN,smt,True
4.85,56.85,90.0,top,D2,,D_0805_2012Metric,TX,smt,True
2.7,56.85,90.0,top,D3,,D_0805_2012Metric,RX,smt,True
68.77,-0.6525,-90.0,top,D4,,D_SOD-323F,1N4148,smt,True
82.06,-0.64,-90.0,top,D5,,D_SOD-323F,1N4148,smt,True
91.52,-6.21,0.0,top,D6,,D_LED_D5.0mm-4_RGB,SYS_LED,tht,True
47.7,70.7875,-90.0,bottom,F1,,Fuse_0603_1608Metric,F,smt,True
31.425,70.7375,-90.0,bottom,F2,,Fuse_0603_1608Metric,F,smt,True
43.275,70.7625,-90.0,bottom,F3,,Fuse_0603_1608Metric,F,smt,True
27.025,70.725,-90.0,bottom,F4,,Fuse_0603_1608Metric,F,smt,True
70.175,32.7,0.0,top,FB1,,R_0402_1005Metric_Pad0.72x0.64mm_HandSolder,FB,smt,True
65.075,31.775,0.0,top,FB2,,R_0402_1005Metric_Pad0.72x0.64mm_HandSolder,FB,smt,True
3.0,74.0,0.0,top,H1,,H_440_HOLE,H_HOLE,tht,False
97.0,74.0,0.0,top,H2,,H_440_HOLE,H_HOLE,tht,False
3.0,-20.0,0.0,top,H3,,H_440_HOLE,H_HOLE,tht,False
97.0,-20.0,0.0,top,H4,,H_440_HOLE,H_HOLE,tht,False
13.0,71.0,180.0,top,J1,,J_USB_TYPE-C-31-M-12,J_USB_C,tht,True
11.42,44.045,90.0,top,J10,,P_DE9M,P_DE9M,tht,True
51.875,54.75,-90.0,top,J11,,P_CONN_01X04_SQUARE,I2C_OLED,tht,True
75.185,-8.165,180.0,bottom,J12,,J_WEMOS_D1_MINI,J_WEMOS_D1_MINI,tht,True
30.5,66.3,180.0,top,J2,,J_USB_A_C12049,USB_HID,tht,True
46.72,66.29,180.0,top,J3,,J_USB_A_C12049,USB_NATIVE,tht,True
8.75,-6.16,-90.0,top,J3,,P_CONN_PANEL,FRONT_PANEL,tht,True
64.24,69.9,0.0,top,J4,,7499010211A,Wuerth Elektronik 7499010211A,tht,True
35.3305,8.4,90.0,bottom,J4,,J_MINI_PCIE,J_MINI_PCIE,smt,True
78.1,68.17,0.0,top,J5,,J_TOSLINK_ZGY133T10,J_TOSLINK_ZGY133T10,tht,True
88.01,71.92,0.0,top,J6,,J_AUDIO35_C95463,AudioJack3,smt,True
95.0,34.0,0.0,top,J7,,J_CONN_RPI_SMD,PI_ZERO,smt,True
54.94,23.68,-90.0,top,J8,,J_CONN_02X10,EXT_SYNTH,tht,True
7.3,14.74,-90.0,top,J9,,J_MicroSD_TF01A,MICRO_SD,smt,True
43.85,56.925,0.0,bottom,JP1,,P_CONN_01X02_SQUARE,HID_POWER,tht,True
55.38,1.99,180.0,top,JP2,,P_CONN_01X02_SQUARE,ESP_POWER,tht,True
68.79,-4.25,0.0,top,JP3,,P_CONN_01X03_SQUARE,INT_SPKR_VOL,tht,True
82.04,-4.25,0.0,top,JP4,,P_CONN_01X03_SQUARE,CLICK_VOL,tht,True
93.49,-0.25,180.0,top,JP5,,P_CONN_01X02_SQUARE,ESP_DEBUG,tht,True
46.24,61.6,-90.0,top,L1,,L_EMI_FILTER_MCM2012B900GBE,L_EMI_FILTER,smt,True
49.0,61.6,-90.0,top,L2,,L_EMI_FILTER_MCM2012B900GBE,L_EMI_FILTER,smt,True
29.96,61.68,90.0,top,L3,,L_EMI_FILTER_MCM2012B900GBE,L_EMI_FILTER,smt,True
32.68,61.68,90.0,top,L4,,L_EMI_FILTER_MCM2012B900GBE,L_EMI_FILTER,smt,True
22.525,-4.925,0.0,top,LOGO1,,snipe_96x96px,snipe_logo,tht,False
31.932241,-8.528072,180.0,bottom,LOGO2,,LLAMA_LOGO,Llama_logo,tht,False
24.0,44.635,0.0,top,P1,,P_CONN_SOM-128-EX,P_SOM-128-EX,smt,True
16.84,34.46,90.0,top,P3,,J_MOLEX_47053-1000,FAN1,tht,True
16.4,67.9485,90.0,top,Q1,,Q_PFET_ENH_SOT-23-3,Q_PMOS_GDS,smt,True
16.09,-4.15,0.0,bottom,Q2,,Q_BJT_SOT-23-3,NPN,smt,True
16.08,-7.39,0.0,bottom,Q3,,Q_BJT_SOT-23-3,NPN,smt,True
60.94,-4.98,0.0,bottom,Q4,,Q_BJT_SOT-23-3,NPN,smt,True
88.32,-0.48,90.0,bottom,Q5,,Q_BJT_SOT-23-3,NPN,smt,True
90.88,-13.26,-90.0,bottom,Q6,,Q_BJT_SOT-23-3,NPN,smt,True
94.88,-13.28,-90.0,bottom,Q7,,Q_BJT_SOT-23-3,NPN,smt,True
62.315,68.35,180.0,bottom,R1,,R_0402_1005Metric_Pad0.72x0.64mm_HandSolder,49.9,smt,True
13.625,66.1,90.0,top,R10,,R_0603_1608Metric,47k,smt,True
63.3775,73.55,0.0,bottom,R11,,R_0402_1005Metric_Pad0.72x0.64mm_HandSolder,1k,smt,True
48.77,1.5,180.0,bottom,R12,,R_0402_1005Metric_Pad0.72x0.64mm_HandSolder,10k,smt,True
7.5,1.56,-90.0,bottom,R13,,R_0402_1005Metric_Pad0.72x0.64mm_HandSolder,330,smt,True
18.9475,-2.1,180.0,bottom,R14,,R_0402_1005Metric_Pad0.72x0.64mm_HandSolder,10k,smt,True
17.005,54.79,180.0,top,R15,,R_0402_1005Metric_Pad0.72x0.64mm_HandSolder,1.5k,smt,True
42.26,1.03,-90.0,bottom,R16,,R_0402_1005Metric_Pad0.72x0.64mm_HandSolder,4.7k,smt,True
19.2875,-9.35,180.0,bottom,R17,,R_0402_1005Metric_Pad0.72x0.64mm_HandSolder,10k,smt,True
43.3,1.0175,90.0,bottom,R18,,R_0402_1005Metric_Pad0.72x0.64mm_HandSolder,4.7k,smt,True
10.04,1.52,-90.0,bottom,R19,,R_0402_1005Metric_Pad0.72x0.64mm_HandSolder,330,smt,True
62.3125,69.35,180.0,bottom,R2,,R_0402_1005Metric_Pad0.72x0.64mm_HandSolder,49.9,smt,True
62.6325,-2.63,180.0,bottom,R20,,R_0402_1005Metric_Pad0.72x0.64mm_HandSolder,1k,smt,True
87.375,5.1475,-90.0,bottom,R21,,R_0402_1005Metric_Pad0.72x0.64mm_HandSolder,1k,smt,True
90.89,-14.54,0.0,top,R22,,R_0402_1005Metric_Pad0.72x0.64mm_HandSolder,10k,smt,True
94.88,-14.56,0.0,top,R23,,R_0402_1005Metric_Pad0.72x0.64mm_HandSolder,10k,smt,True
17.0,57.8,180.0,top,R24,,R_0402_1005Metric_Pad0.72x0.64mm_HandSolder,1k,smt,True
17.0,56.3,180.0,top,R25,,R_0402_1005Metric_Pad0.72x0.64mm_HandSolder,1k,smt,True
65.65,-5.92,0.0,bottom,R26,,R_0402_1005Metric_Pad0.72x0.64mm_HandSolder,200,smt,True
79.51,-1.33,-90.0,bottom,R27,,R_0402_1005Metric_Pad0.72x0.64mm_HandSolder,200,smt,True
91.52,-9.62,90.0,bottom,R28,,R_0402_1005Metric_Pad0.72x0.64mm_HandSolder,600,smt,True
94.06,-9.62,90.0,bottom,R29,,R_0402_1005Metric_Pad0.72x0.64mm_HandSolder,2k,smt,True
64.57,69.35,0.0,bottom,R3,,R_0402_1005Metric_Pad0.72x0.64mm_HandSolder,49.9,smt,True
70.74,-5.95,0.0,bottom,R30,,R_0402_1005Metric_Pad0.72x0.64mm_HandSolder,33,smt,True
87.74,-4.21,180.0,bottom,R31,,R_0402_1005Metric_Pad0.72x0.64mm_HandSolder,33,smt,True
37.249989,20.658507,90.0,top,R32,,R_0402_1005Metric_Pad0.72x0.64mm_HandSolder,4.7k,smt,True
57.6475,44.55,0.0,top,R33,,R_0402_1005Metric_Pad0.72x0.64mm_HandSolder,4.7k,smt,True
76.225,40.03,0.0,top,R34,,R_0402_1005Metric_Pad0.72x0.64mm_HandSolder,6.8k,smt,True
80.24,40.03,180.0,top,R35,,R_0402_1005Metric_Pad0.72x0.64mm_HandSolder,6.8k,smt,True
76.225,41.55,0.0,top,R36,,R_0402_1005Metric_Pad0.72x0.64mm_HandSolder,6.8k,smt,True
80.24,41.55,0.0,top,R37,,R_0402_1005Metric_Pad0.72x0.64mm_HandSolder,6.8k,smt,True
57.1125,47.375,0.0,top,R38,,R_0603_1608Metric_Pad0.98x0.95mm_HandSolder,47k,smt,True
23.5,49.0,-90.0,bottom,R39,,R_0402_1005Metric_Pad0.72x0.64mm_HandSolder,4.7k,smt,True
64.57,68.35,0.0,bottom,R4,,R_0402_1005Metric_Pad0.72x0.64mm_HandSolder,49.9,smt,True
22.0,49.0,-90.0,bottom,R40,,R_0402_1005Metric_Pad0.72x0.64mm_HandSolder,4.7k,smt,True
31.0,53.0,0.0,top,R41,,R_0402_1005Metric_Pad0.72x0.64mm_HandSolder,4.7k,smt,True
31.0,51.5,0.0,top,R42,,R_0402_1005Metric_Pad0.72x0.64mm_HandSolder,4.7k,smt,True
24.225,52.5975,-90.0,top,R43,,R_0402_1005Metric_Pad0.72x0.64mm_HandSolder,4.7k,smt,True
70.7925,42.55,0.0,top,R44,,R_0402_1005Metric_Pad0.72x0.64mm_HandSolder,470,smt,True
77.74,42.875,0.0,top,R45,,R_0402_1005Metric_Pad0.72x0.64mm_HandSolder,470,smt,True
20.1875,56.31,180.0,top,R46,,R_0402_1005Metric_Pad0.72x0.64mm_HandSolder,10k,smt,True
17.4475,12.175,0.0,top,R47,,R_0402_1005Metric_Pad0.72x0.64mm_HandSolder,33,smt,True
17.4475,13.275,0.0,top,R48,,R_0402_1005Metric_Pad0.72x0.64mm_HandSolder,33,smt,True
17.4475,14.375,0.0,top,R49,,R_0402_1005Metric_Pad0.72x0.64mm_HandSolder,33,smt,True
63.3775,74.55,180.0,bottom,R5,,R_0402_1005Metric_Pad0.72x0.64mm_HandSolder,1k,smt,True
17.45,16.575,0.0,top,R50,,R_0402_1005Metric_Pad0.72x0.64mm_HandSolder,0,smt,True
17.45,18.775,0.0,top,R51,,R_0402_1005Metric_Pad0.72x0.64mm_HandSolder,33,smt,True
17.45,19.875,0.0,top,R52,,R_0402_1005Metric_Pad0.72x0.64mm_HandSolder,33,smt,True
9.0,3.999994,90.0,top,R53,,R_0603_1608Metric,47k,smt,True
10.499999,3.999994,90.0,top,R54,,R_0603_1608Metric,47k,smt,True
11.999999,3.999994,90.0,top,R55,,R_0603_1608Metric,47k,smt,True
13.500001,3.999994,90.0,top,R56,,R_0603_1608Metric,47k,smt,True
15.0,3.999994,90.0,top,R57,,R_0603_1608Metric,47k,smt,True
16.5,3.999994,90.0,top,R58,,R_0603_1608Metric,47k,smt,True
87.61,3.89,0.0,top,R59,,R_0402_1005Metric_Pad0.72x0.64mm_HandSolder,20k,smt,True
6.75,68.5,180.0,top,R6,,R_0402_1005Metric_Pad0.72x0.64mm_HandSolder,5.1k,smt,True
87.61,5.41,0.0,top,R60,,R_0402_1005Metric_Pad0.72x0.64mm_HandSolder,10k,smt,True
6.75,67.0,180.0,top,R7,,R_0402_1005Metric_Pad0.72x0.64mm_HandSolder,5.1k,smt,True
4.8275,-5.125,180.0,bottom,R8,,R_0402_1005Metric_Pad0.72x0.64mm_HandSolder,10k,smt,True
4.825,-6.6,180.0,bottom,R9,,R_0402_1005Metric_Pad0.72x0.64mm_HandSolder,470,smt,True
68.6,-14.375,0.0,top,SP1,,SP,SPEAKER,tht,True
82.0,-14.375,0.0,top,SP2,,SP,SPEAKER,tht,True
20.55,-16.75,0.0,top,SW1,,SW_B3FS-1010,POWER,smt,True
32.15,-16.75,0.0,top,SW2,,SW_B3FS-1010,RESET,smt,True
43.65,-16.75,0.0,top,SW3,,SW_B3FS-1010,SYNTH_SW,smt,True
55.25,-16.75,0.0,top,SW4,,SW_B3FS-1010,ROM_SW,smt,True
26.1,-4.4,180.0,bottom,SW5,,SW_B3FS-1010,FLASH,smt,True
17.0,59.0,180.0,bottom,SW6,,SW_B3FS-1010,PRG,smt,True
11.0,66.0,0.0,top,U1,,U_TSOT-23-6,U_MAX16054,smt,True
20.41,51.24,180.0,top,U10,,U_EMC2303,EMC2303,smt,True
72.625,53.7,-90.0,top,U11,,U_TSSOP-20_4.4x6.5mm_P0.65mm,PCM5102A,smt,True
78.35,53.6,90.0,top,U12,,U_SOT-23-5,U_MIC5219-3.3YM5,smt,True
66.85,53.8,90.0,top,U13,,U_SOT-23-5,U_MIC5219-3.3YM5,smt,True
35.0,6.0,0.0,top,U2,,U_SOT-223-3_NOTAB,U_AMS1117-3.3,smt,True
57.26,-1.53,-90.0,top,U3,,U_DIP-14_W7.62mm,U_ATTINY84A,tht,True
35.13,-5.82,-90.0,top,U4,,U_SOT-23-5,U_MIC5219-3.3YM5,smt,True
9.5,15.5,-90.0,bottom,U5,,U_SSOP-28_5.3x10.2mm_P0.65mm,U_MAX3243,smt,True
79.62,62.95,90.0,top,U6,,U_SOT-23-5,U_74LVC1G126,smt,True
70.662495,18.999989,0.0,top,U7,,U_TQFP-100_14x14mm_P0.5mm_HandSoldering,CS4237B-KQ,smt,True
40.0,39.25,90.0,top,U8,,U_SOT-23-5,U_74LVC1G04,smt,True
30.0,53.5,90.0,bottom,U9,,U_QFP-12x12_14x14_Pitch0.5mm,U_CH559L,smt,True
64.46,41.01,-90.0,top,X1,,X_Crystal_SMD_HC49S-MINI,16.9344MHz,smt,True
