﻿designator,quantity,value,pack,mpn,mount_type
BT1,1,CR1220,BT_MY-1220-03,,tht
"C1, C12, C13, C14, C17, C18, C19, C2, C22, C23, C24, C25, C26, C27, C28, C29, C3, C30, C37, C38, C41, C44, C46, C55, C6, C60, C63, C64, C65, C69, C70",31,0.1uF,C_0402_1005Metric_Pad0.74x0.62mm_HandSolder,,smt
C10,1,0.1uF,C_0603_1608Metric_Pad1.08x0.95mm_HandSolder,,smt
"C11, C40, C53, C54, C71, C72",6,1uF,C_0402_1005Metric_Pad0.74x0.62mm_HandSolder,,smt
"C15, C73, C74",3,470pF,C_0402_1005Metric_Pad0.74x0.62mm_HandSolder,,smt
"C16, C5, C50, C51",4,10uF,C_0402_1005Metric_Pad0.74x0.62mm_HandSolder,,smt
"C20, C21",2,10nF,C_0402_1005Metric_Pad0.74x0.62mm_HandSolder,,smt
"C31, C35, C36, C68, C7",5,47uF,C_0603_1608Metric_Pad1.08x0.95mm_HandSolder,,smt
"C32, C9",2,47uF,C_1206_3216Metric_Pad1.33x1.80mm_HandSolder,,smt
"C33, C34",2,22pF,C_0402_1005Metric_Pad0.74x0.62mm_HandSolder,,smt
C39,1,3.3uF,C_0402_1005Metric_Pad0.74x0.62mm_HandSolder,,smt
"C4, C48, C49, C58, C59, C66, C67, C75, C76",9,10uF,C_0603_1608Metric_Pad1.08x0.95mm_HandSolder,,smt
"C42, C43, C45, C47",4,1nF,C_0402_1005Metric_Pad0.74x0.62mm_HandSolder,,smt
C52,1,2.7nF,C_0603_1608Metric_Pad1.08x0.95mm_HandSolder,,smt
"C56, C57",2,2.2nF,C_0402_1005Metric_Pad0.74x0.62mm_HandSolder,,smt
"C61, C62",2,2.2uF,C_0603_1608Metric_Pad1.08x0.95mm_HandSolder,,smt
C8,1,47uF,C_1206_3216Metric,,smt
D1,1,CONN,D_0805_2012Metric,,smt
D2,1,TX,D_0805_2012Metric,,smt
D3,1,RX,D_0805_2012Metric,,smt
"D4, D5",2,1N4148,D_SOD-323F,,smt
D6,1,SYS_LED,D_LED_D5.0mm-4_RGB,,tht
"F1, F2, F3, F4",4,F,Fuse_0603_1608Metric,,smt
"FB1, FB2",2,FB,R_0402_1005Metric_Pad0.72x0.64mm_HandSolder,,smt
"H1, H2, H3, H4",4,H_HOLE,H_440_HOLE,,tht
J1,1,J_USB_C,J_USB_TYPE-C-31-M-12,,tht
J10,1,P_DE9M,P_DE9M,,tht
J11,1,I2C_OLED,P_CONN_01X04_SQUARE,,tht
J12,1,J_WEMOS_D1_MINI,J_WEMOS_D1_MINI,,tht
J2,1,USB_HID,J_USB_A_C12049,,tht
J3,1,USB_NATIVE,J_USB_A_C12049,,tht
J3,1,FRONT_PANEL,P_CONN_PANEL,,tht
J4,1,Wuerth Elektronik 7499010211A,7499010211A,,tht
J4,1,J_MINI_PCIE,J_MINI_PCIE,,smt
J5,1,J_TOSLINK_ZGY133T10,J_TOSLINK_ZGY133T10,,tht
J6,1,AudioJack3,J_AUDIO35_C95463,,smt
J7,1,PI_ZERO,J_CONN_RPI_SMD,,smt
J8,1,EXT_SYNTH,J_CONN_02X10,,tht
J9,1,MICRO_SD,J_MicroSD_TF01A,,smt
JP1,1,HID_POWER,P_CONN_01X02_SQUARE,,tht
JP2,1,ESP_POWER,P_CONN_01X02_SQUARE,,tht
JP3,1,INT_SPKR_VOL,P_CONN_01X03_SQUARE,,tht
JP4,1,CLICK_VOL,P_CONN_01X03_SQUARE,,tht
JP5,1,ESP_DEBUG,P_CONN_01X02_SQUARE,,tht
"L1, L2, L3, L4",4,L_EMI_FILTER,L_EMI_FILTER_MCM2012B900GBE,,smt
LOGO1,1,snipe_logo,snipe_96x96px,,tht
LOGO2,1,Llama_logo,LLAMA_LOGO,,tht
P1,1,P_SOM-128-EX,P_CONN_SOM-128-EX,,smt
P3,1,FAN1,J_MOLEX_47053-1000,,tht
Q1,1,Q_PMOS_GDS,Q_PFET_ENH_SOT-23-3,,smt
"Q2, Q3, Q4, Q5, Q6, Q7",6,NPN,Q_BJT_SOT-23-3,,smt
"R1, R2, R3, R4",4,49.9,R_0402_1005Metric_Pad0.72x0.64mm_HandSolder,,smt
"R10, R53, R54, R55, R56, R57, R58",7,47k,R_0603_1608Metric,,smt
"R11, R20, R21, R24, R25, R5",6,1k,R_0402_1005Metric_Pad0.72x0.64mm_HandSolder,,smt
"R12, R14, R17, R22, R23, R46, R60, R8",8,10k,R_0402_1005Metric_Pad0.72x0.64mm_HandSolder,,smt
"R13, R19",2,330,R_0402_1005Metric_Pad0.72x0.64mm_HandSolder,,smt
R15,1,1.5k,R_0402_1005Metric_Pad0.72x0.64mm_HandSolder,,smt
"R16, R18, R32, R33, R39, R40, R41, R42, R43",9,4.7k,R_0402_1005Metric_Pad0.72x0.64mm_HandSolder,,smt
"R26, R27",2,200,R_0402_1005Metric_Pad0.72x0.64mm_HandSolder,,smt
R28,1,600,R_0402_1005Metric_Pad0.72x0.64mm_HandSolder,,smt
R29,1,2k,R_0402_1005Metric_Pad0.72x0.64mm_HandSolder,,smt
"R30, R31, R47, R48, R49, R51, R52",7,33,R_0402_1005Metric_Pad0.72x0.64mm_HandSolder,,smt
"R34, R35, R36, R37",4,6.8k,R_0402_1005Metric_Pad0.72x0.64mm_HandSolder,,smt
R38,1,47k,R_0603_1608Metric_Pad0.98x0.95mm_HandSolder,,smt
"R44, R45, R9",3,470,R_0402_1005Metric_Pad0.72x0.64mm_HandSolder,,smt
R50,1,0,R_0402_1005Metric_Pad0.72x0.64mm_HandSolder,,smt
R59,1,20k,R_0402_1005Metric_Pad0.72x0.64mm_HandSolder,,smt
"R6, R7",2,5.1k,R_0402_1005Metric_Pad0.72x0.64mm_HandSolder,,smt
"SP1, SP2",2,SPEAKER,SP,,tht
SW1,1,POWER,SW_B3FS-1010,,smt
SW2,1,RESET,SW_B3FS-1010,,smt
SW3,1,SYNTH_SW,SW_B3FS-1010,,smt
SW4,1,ROM_SW,SW_B3FS-1010,,smt
SW5,1,FLASH,SW_B3FS-1010,,smt
SW6,1,PRG,SW_B3FS-1010,,smt
U1,1,U_MAX16054,U_TSOT-23-6,,smt
U10,1,EMC2303,U_EMC2303,,smt
U11,1,PCM5102A,U_TSSOP-20_4.4x6.5mm_P0.65mm,,smt
"U12, U13, U4",3,U_MIC5219-3.3YM5,U_SOT-23-5,,smt
U2,1,U_AMS1117-3.3,U_SOT-223-3_NOTAB,,smt
U3,1,U_ATTINY84A,U_DIP-14_W7.62mm,,tht
U5,1,U_MAX3243,U_SSOP-28_5.3x10.2mm_P0.65mm,,smt
U6,1,U_74LVC1G126,U_SOT-23-5,,smt
U7,1,CS4237B-KQ,U_TQFP-100_14x14mm_P0.5mm_HandSoldering,,smt
U8,1,U_74LVC1G04,U_SOT-23-5,,smt
U9,1,U_CH559L,U_QFP-12x12_14x14_Pitch0.5mm,,smt
X1,1,16.9344MHz,X_Crystal_SMD_HC49S-MINI,,smt
